File,Label
3000.jpg,37
3001.jpg,36
3002.jpg,46
3003.jpg,7
3004.jpg,46
3005.jpg,37
3006.jpg,37
3007.jpg,52
3008.jpg,35
3009.jpg,38
3010.jpg,32
3011.jpg,36
3012.jpg,48
3013.jpg,30
3014.jpg,20
3015.jpg,44
3016.jpg,37
3017.jpg,6
3018.jpg,42
3019.jpg,47
3020.jpg,13
3021.jpg,45
3022.jpg,38
3023.jpg,44
3024.jpg,38
3025.jpg,25
3026.jpg,46
3027.jpg,35
3028.jpg,2
3029.jpg,60
3030.jpg,33
3031.jpg,25
3032.jpg,49
3033.jpg,43
3034.jpg,22
3035.jpg,32
3036.jpg,43
3037.jpg,24
3038.jpg,50
3039.jpg,44
3040.jpg,45
3041.jpg,12
3042.jpg,44
3043.jpg,15
3044.jpg,47
3045.jpg,32
3046.jpg,37
3047.jpg,26
3048.jpg,44
3049.jpg,39
3050.jpg,40
3051.jpg,27
3052.jpg,36
3053.jpg,45
3054.jpg,37
3055.jpg,38
3056.jpg,26
3057.jpg,1
3058.jpg,35
3059.jpg,29
3060.jpg,46
3061.jpg,45
3062.jpg,46
3063.jpg,10
3064.jpg,51
3065.jpg,47
3066.jpg,37
3067.jpg,38
3068.jpg,4
3069.jpg,36
3070.jpg,37
3071.jpg,47
3072.jpg,0
3073.jpg,38
3074.jpg,48
3075.jpg,53
3076.jpg,40
3077.jpg,37
3078.jpg,55
3079.jpg,39
3080.jpg,32
3081.jpg,28
3082.jpg,44
3083.jpg,65
3084.jpg,38
3085.jpg,43
3086.jpg,37
3087.jpg,42
3088.jpg,36
3089.jpg,3
3090.jpg,44
3091.jpg,47
3092.jpg,26
3093.jpg,25
3094.jpg,44
3095.jpg,31
3096.jpg,37
3097.jpg,37
3098.jpg,14
3099.jpg,49
3100.jpg,39
3101.jpg,16
3102.jpg,11
3103.jpg,66
3104.jpg,61
3105.jpg,36
3106.jpg,52
3107.jpg,47
3108.jpg,34
3109.jpg,25
3110.jpg,39
3111.jpg,54
3112.jpg,37
3113.jpg,34
3114.jpg,64
3115.jpg,52
3116.jpg,29
3117.jpg,27
3118.jpg,23
3119.jpg,49
3120.jpg,43
3121.jpg,37
3122.jpg,37
3123.jpg,42
3124.jpg,25
3125.jpg,28
3126.jpg,37
3127.jpg,43
3128.jpg,48
3129.jpg,47
3130.jpg,37
3131.jpg,8
3132.jpg,44
3133.jpg,18
3134.jpg,30
3135.jpg,36
3136.jpg,62
3137.jpg,44
3138.jpg,21
3139.jpg,39
3140.jpg,47
3141.jpg,37
3142.jpg,25
3143.jpg,67
3144.jpg,32
3145.jpg,37
3146.jpg,63
3147.jpg,24
3148.jpg,59
3149.jpg,39
3150.jpg,34
3151.jpg,44
3152.jpg,50
3153.jpg,37
3154.jpg,44
3155.jpg,39
3156.jpg,45
3157.jpg,30
3158.jpg,25
3159.jpg,42
3160.jpg,38
3161.jpg,57
3162.jpg,52
3163.jpg,37
3164.jpg,39
3165.jpg,38
3166.jpg,24
3167.jpg,41
3168.jpg,42
3169.jpg,38
3170.jpg,39
3171.jpg,28
3172.jpg,48
3173.jpg,48
3174.jpg,9
3175.jpg,24
3176.jpg,47
3177.jpg,36
3178.jpg,38
3179.jpg,40
3180.jpg,38
3181.jpg,38
3182.jpg,43
3183.jpg,58
3184.jpg,42
3185.jpg,34
3186.jpg,19
3187.jpg,25
3188.jpg,5
3189.jpg,28
3190.jpg,35
3191.jpg,32
3192.jpg,17
3193.jpg,39
3194.jpg,44
3195.jpg,26
3196.jpg,26
3197.jpg,45
3198.jpg,32
3199.jpg,56
